insert into courses (id, title, mouth_duration)
values (1, 'Math', 24),
       (2, 'Physics', 24),
       (3, 'Chemistry', 18),
       (4, 'Philosophy', 12),
       (5, 'Sport', 24),
       (6, 'Economy', 12),
       (7, 'History', 6);

insert into students (id, first_name, last_name, year)
values (1, 'Vadim', 'Efimenko', 1),
       (2, 'Olga', 'Voloshenko', 1),
       (3, 'Petr', 'Dobropolsky', 1),
       (4, 'Dmitry', 'Perekotipole', 1),
       (5, 'Nikita', 'Kojemyka', 2),
       (6, 'Elena', 'Kostil', 2),
       (7, 'Viktoria', 'Pobedonosova', 2),
       (8, 'Kirill', 'Pomerantsev', 2),
       (9, 'Djamshut', 'Ivanov', 2),
       (10, 'Gennadiy', 'Alligator', 3),
       (11, 'Roman', 'Gonchrov', 3),
       (12, 'Evgeniy', 'Panfilov', 3),
       (13, 'Yuri', 'Koval', 3),
       (14, 'Arsen', 'Duglas', 4),
       (15, 'Vasiliy', 'Perelman', 4),
       (16, 'Irina', 'Molokanova', 4),
       (17, 'Jared', 'Letov', 4),
       (18, 'Kamilla', 'Saharova', 5),
       (19, 'Albert', 'Kutovoi', 5),
       (20, 'Veronika', 'Yagodka', 5);

insert into course_student (course_id, student_id)
values (6,4),
       (2,6),
       (7,12),
       (1,18),
       (5,17),
       (1,1),
       (6,8),
       (7,11),
       (3,17),
       (3,20),
       (5,11),
       (3,10),
       (4,7),
       (4,14),
       (2,8),
       (6,5),
       (1,11),
       (5,1),
       (2,10),
       (7,8),
       (3,7),
       (4,5),
       (5,10),
       (1,20),
       (2,16),
       (2,13),
       (4,13),
       (2,17),
       (1,6),
       (7,9),
       (6,14),
       (5,4),
       (2,11),
       (3,1),
       (3,13),
       (4,15),
       (4,2),
       (6,19),
       (3,6),
       (5,8),
       (6,1),
       (5,20),
       (4,12),
       (6,18),
       (7,13),
       (3,4),
       (7,20),
       (3,19),
       (1,2),
       (1,17),
       (4,20),
       (2,15),
       (6,12),
       (1,4),
       (1,15),
       (5,6),
       (6,10),
       (5,13),
       (6,11),
       (6,3),
       (7,1),
       (3,3),
       (5,16),
       (4,16),
       (7,3),
       (1,16),
       (5,15),
       (7,7),
       (7,4),
       (2,4),
       (2,14),
       (6,17),
       (6,6),
       (2,19),
       (5,5),
       (5,18),
       (7,15),
       (2,12),
       (4,9),
       (1,13),
       (3,14),
       (3,16),
       (1,8),
       (1,14),
       (3,9),
       (6,2),
       (4,3),
       (4,8),
       (2,1),
       (2,9),
       (5,12),
       (7,2),
       (2,18),
       (2,2),
       (5,7),
       (4,4),
       (5,19),
       (3,2),
       (3,11),
       (6,15),
       (1,9),
       (3,5),
       (4,19),
       (4,18),
       (7,6),
       (7,17);
